-- ----------------------------------------
-- Added to prevent timeout's while loading
-- ----------------------------------------
SET GLOBAL net_read_timeout=30;
SET GLOBAL net_write_timeout=60;
SET GLOBAL net_buffer_length=1000000; 
SET GLOBAL max_allowed_packet=1000000000;
SET GLOBAL connect_timeout=10000000;

-- --------------------------------------------------------------------------------
-- This is an attempt to create a full transactional MaNGOS update (v1.3)
-- --------------------------------------------------------------------------------
DROP PROCEDURE IF EXISTS `update_mangos`; 

DELIMITER $$

CREATE DEFINER=`root`@`localhost` PROCEDURE `update_mangos`()
BEGIN
    DECLARE bRollback BOOL  DEFAULT FALSE ;
    DECLARE CONTINUE HANDLER FOR SQLEXCEPTION SET `bRollback` = TRUE;

    -- Current Values (TODO - must be a better way to do this)
    SET @cCurVersion := (SELECT `version` FROM db_version ORDER BY `version` DESC, STRUCTURE DESC, CONTENT DESC LIMIT 0,1);
    SET @cCurStructure := (SELECT structure FROM db_version ORDER BY `version` DESC, STRUCTURE DESC, CONTENT DESC LIMIT 0,1);
    SET @cCurContent := (SELECT content FROM db_version ORDER BY `version` DESC, STRUCTURE DESC, CONTENT DESC LIMIT 0,1);

    -- Expected Values
    SET @cOldVersion = '21'; 
    SET @cOldStructure = '16'; 
    SET @cOldContent = '005';

    -- New Values
    SET @cNewVersion = '21';
    SET @cNewStructure = '16';
    SET @cNewContent = '006';
                            -- DESCRIPTION IS 30 Characters MAX    
    SET @cNewDescription = 'Object pooling';

                        -- COMMENT is 150 Characters MAX
    SET @cNewComment = 'Object pooling';

    -- Evaluate all settings
    SET @cCurResult := (SELECT description FROM db_version ORDER BY `version` DESC, STRUCTURE DESC, CONTENT DESC LIMIT 0,1);
    SET @cOldResult := (SELECT description FROM db_version WHERE `version`=@cOldVersion AND `structure`=@cOldStructure AND `content`=@cOldContent);
    SET @cNewResult := (SELECT description FROM db_version WHERE `version`=@cNewVersion AND `structure`=@cNewStructure AND `content`=@cNewContent);

    IF (@cCurResult = @cOldResult) THEN    -- Does the current version match the expected version
        -- APPLY UPDATE
        START TRANSACTION;

        -- UPDATE THE DB VERSION
        -- -- -- -- -- -- -- -- -- -- -- -- -- -- -- -- -- -- -- -- -- -- -- -- -- -- -- -- -- -- -- -- -- -- -- -
        INSERT INTO `db_version` VALUES (@cNewVersion, @cNewStructure, @cNewContent, @cNewDescription, @cNewComment);
        SET @cNewResult := (SELECT description FROM db_version WHERE `version`=@cNewVersion AND `structure`=@cNewStructure AND `content`=@cNewContent);

        -- -- -- -- -- -- -- -- -- -- -- -- -- -- -- -- -- -- -- -- -- -- -- -- -- -- -- -- -- -- -- -- -- -- -- -
        -- -- PLACE UPDATE SQL BELOW -- -- -- -- -- -- -- -- -- -- -- -- -- -- -- -- -- -- -- -- -- -- -- -- -- --
        -- -- -- -- -- -- -- -- -- -- -- -- -- -- -- -- -- -- -- -- -- -- -- -- -- -- -- -- -- -- -- -- -- -- -- -

SET @goguid := (SELECT MAX(guid) FROM `gameobject`);
SET @poolentry:= (SELECT MAX(entry) FROM `pool_template`);
-- Add missing Bloodsail Charts.
DELETE FROM `gameobject` WHERE 	`guid` IN (12154,12156,12208); -- Recycled 
INSERT INTO `gameobject` (`guid`, `id`, `map`, `position_x`, `position_y`, `position_z`, `orientation`, `rotation0`, `rotation1`, `rotation2`, `rotation3`, `spawntimesecs`, `animprogress`, `state`) VALUES
(12154,2086,0,-14686.3,488.541,4.28859,-0.663225,0,0,-0.325568,0.945519,900,100,1),
(@goguid+1,2086,0,-14607.7,332.715,3.69033,1.83259,0,0,0.793352,0.608764,300,255,1),
(@goguid+2,2086,0,-14705.9,450.094,0.591609,0.961106,0,0,0.417373,0.908735,25,255,1),
(12156,2087,0,-14685.4,486.472,4.17982,0.488692,0,0,0.241922,0.970296,900,100,1),
(12208,2087,0,-14705.2,450.416,0.157641,2.75762,0,0,0.981627,0.190809,180,100,1),
(@goguid+3,2087,0,-14612.1,334.378,2.46723,-1.76278,0,0,-0.771624,0.636079,300,255,1);

-- Add pools for Bloodsail Orders and Charts.
DELETE FROM `pool_template` WHERE `entry` IN (@poolentry+1,@poolentry+2);
INSERT INTO `pool_template` (`entry`, `max_limit`, `description`) VALUES
(@poolentry+1,1,'Bloodsail Orders'),
(@poolentry+2,1,'Bloodsail Charts');
DELETE FROM `pool_gameobject` WHERE `guid` IN (12154,55596,@goguid+1,12156,12208,55597);
INSERT INTO `pool_gameobject` (`guid`, `pool_entry`, `chance`, `description`) VALUES 
(12154,@poolentry+1,0,'Bloodsail Charts Point 1'),
(@goguid+1,@poolentry+1,0,'Bloodsail Charts Point 2'),
(@goguid+2,@poolentry+1,0,'Bloodsail Charts Point 3'),
(12156,@poolentry+2,0,'Bloodsail Orders Point 1'),
(12208,@poolentry+2,0,'Bloodsail Orders Point 2'),
(@goguid+3,@poolentry+2,0,'Bloodsail Orders Point 3');
    

        -- -- -- -- -- -- -- -- -- -- -- -- -- -- -- -- -- -- -- -- -- -- -- -- -- -- -- -- -- -- -- -- -- -- -- -
        -- -- PLACE UPDATE SQL ABOVE -- -- -- -- -- -- -- -- -- -- -- -- -- -- -- -- -- -- -- -- -- -- -- -- -- --
        -- -- -- -- -- -- -- -- -- -- -- -- -- -- -- -- -- -- -- -- -- -- -- -- -- -- -- -- -- -- -- -- -- -- -- -

        -- If we get here ok, commit the changes
        IF bRollback = TRUE THEN
            ROLLBACK;
            SHOW ERRORS;
            SELECT '* UPDATE FAILED *' AS `===== Status =====`,@cCurResult AS `===== DB is on Version: =====`;



        ELSE
            COMMIT;
            SELECT '* UPDATE COMPLETE *' AS `===== Status =====`,@cNewResult AS `===== DB is now on Version =====`;
        END IF;
    ELSE    -- Current version is not the expected version
        IF (@cCurResult = @cNewResult) THEN    -- Does the current version match the new version
            SELECT '* UPDATE SKIPPED *' AS `===== Status =====`,@cCurResult AS `===== DB is already on Version =====`;
        ELSE    -- Current version is not one related to this update
            IF(@cCurResult IS NULL) THEN    -- Something has gone wrong
                SELECT '* UPDATE FAILED *' AS `===== Status =====`,'Unable to locate DB Version Information' AS `============= Error Message =============`;
            ELSE
		IF(@cOldResult IS NULL) THEN    -- Something has gone wrong
		    SET @cCurVersion := (SELECT `version` FROM db_version ORDER BY `version` DESC, STRUCTURE DESC, CONTENT DESC LIMIT 0,1);
		    SET @cCurStructure := (SELECT `STRUCTURE` FROM db_version ORDER BY `version` DESC, STRUCTURE DESC, CONTENT DESC LIMIT 0,1);
		    SET @cCurContent := (SELECT `Content` FROM db_version ORDER BY `version` DESC, STRUCTURE DESC, CONTENT DESC LIMIT 0,1);
                    SET @cCurOutput = CONCAT(@cCurVersion, '_', @cCurStructure, '_', @cCurContent, ' - ',@cCurResult);
                    SET @cOldResult = CONCAT('Rel',@cOldVersion, '_', @cOldStructure, '_', @cOldContent, ' - ','IS NOT APPLIED');
                    SELECT '* UPDATE SKIPPED *' AS `===== Status =====`,@cOldResult AS `=== Expected ===`,@cCurOutput AS `===== Found Version =====`;
		ELSE
		    SET @cCurVersion := (SELECT `version` FROM db_version ORDER BY `version` DESC, STRUCTURE DESC, CONTENT DESC LIMIT 0,1);
		    SET @cCurStructure := (SELECT `STRUCTURE` FROM db_version ORDER BY `version` DESC, STRUCTURE DESC, CONTENT DESC LIMIT 0,1);
		    SET @cCurContent := (SELECT `Content` FROM db_version ORDER BY `version` DESC, STRUCTURE DESC, CONTENT DESC LIMIT 0,1);
                    SET @cCurOutput = CONCAT(@cCurVersion, '_', @cCurStructure, '_', @cCurContent, ' - ',@cCurResult);
                    SELECT '* UPDATE SKIPPED *' AS `===== Status =====`,@cOldResult AS `=== Expected ===`,@cCurOutput AS `===== Found Version =====`;
                END IF;
            END IF;
        END IF;
    END IF;
END $$

DELIMITER ;

-- Execute the procedure
CALL update_mangos();

-- Drop the procedure
DROP PROCEDURE IF EXISTS `update_mangos`;

